method,total,move,pick,place,clean,open/close,operate,other
reactive,4000,0.2995,0.00125,0.0,0.153,0.525,0.02125,0.0
single_round,4000,0.616,0.09025,0.08975,0.134,0.06975,0.00025,0.0
goal_review,4000,0.6825,0.0465,0.0465,0.17575,0.04225,0.0065,0.0
